{
  "num_states": 5,
  "balance": {
    "mean": 0.6633661389350891,
    "std": 0.0036730597512250342,
    "min": 0.6585671305656433,
    "max": 0.6695830821990967,
    "trend": "stable"
  },
  "interaction": {
    "mean": 0.025564778596162796,
    "std": 0.008244929281784876,
    "min": 0.01533534750342369,
    "max": 0.035356778651475906,
    "trend": "stable"
  },
  "component_metrics": {
    "agent": {
      "intent_magnitude": {
        "mean": 9.265289688110352,
        "std": 0.16140077121230517
      },
      "action_strength": {
        "mean": 0.5124574780464173,
        "std": 0.00750887236174009
      },
      "intentionality": {
        "mean": 0.4988685607910156,
        "std": 0.0002983301075182609
      },
      "attention_entropy": {
        "mean": 2.3001289844512938,
        "std": 0.0055836197527649786
      }
    },
    "arena": {
      "manifold_curvature": {
        "mean": 0.4472120523452759,
        "std": 0.04639743329969341
      },
      "constraint_strength": {
        "mean": 5.9765527725219725,
        "std": 0.03254193947557912
      },
      "stability": {
        "mean": 0.5008283257484436,
        "std": 0.00019471391521129152
      },
      "state_variance": {
        "mean": 0.001572173135355115,
        "std": 0.00013420632237438765
      }
    },
    "relation": {
      "interaction_strength": {
        "mean": 0.2679575145244598,
        "std": 0.021377751786934088
      },
      "emergence_magnitude": {
        "mean": 6.188708305358887,
        "std": 0.21273368542218127
      },
      "self_coherence": {
        "mean": 0.9976108551025391,
        "std": 0.00012920759610495316
      },
      "feedback_strength": {
        "mean": 0.40015934109687806,
        "std": 0.20007999677126126
      }
    }
  }
}